cluster,Sales,Units,distinct_products,prd_grp_1_coverage_pct,prd_grp_3_coverage_pct,active_months,lifetime_months,months_since_last_purchase,activity_ratio_lifetime,avg_inactive_gap_months,avg_monthly_revenue,historical_ltv,purchase_freq_per_year,sf_total_events,sf_active_months,sf_activity_ratio_lifetime,sales_without_recent_sf_activity,sf_activity_without_recent_sales
0,0.41246929762426243,0.4219049220312402,0.9949606468755152,1.0095047425420731,0.99819923503666,0.7671915268026364,0.9788555673728073,0.87810124082189,0.8266068851451621,1.2135407109045873,0.5038769096818346,0.41246929762426243,0.826606885145162,0.8632751063272892,0.9312350819158476,0.9354525579574178,0.0,0.9616100240656664
1,0.26559863509779796,0.257772822404764,1.0223192036091315,0.9888471826732246,0.9894279632296098,0.6587010691354449,1.1211976083448905,0.4580170562108636,0.5966410987679709,1.5601563334808781,0.27933857080138513,0.26559863509779796,0.5966410987679709,0.43348427955831476,0.4472431809906088,0.6350223708272884,47.45238095238095,0.0
2,0.11735895933386162,0.11647007101667717,0.6410702782747153,0.7674714563874825,0.6790907791908021,0.31470915760354917,0.40143807601463394,4.407847313237221,1.0572721591624763,1.053382599875871,0.3909233785377885,0.11735895933386162,1.0572721591624763,0.8376398463664018,1.0843275434587734,1.0644563792519497,0.0,3.9633010937358764
3,9.78926241310698,8.345216372764359,1.1478748476603629,1.001235098742086,1.083797695165638,2.231254221426806,1.325130433502123,0.0645635722801016,1.6873678289263867,0.11265203293119977,8.537502518271738,9.78926241310698,1.6873678289263865,1.7207006641510694,1.304399683605485,1.2750597629631057,0.0,0.0
4,2.4975600687802593,2.722329375435405,1.1715096620702639,1.0759020521173164,1.15435908047581,2.1802780136429933,1.3164222987771674,0.07157132647634243,1.6567591712745229,0.12842703045429554,2.188366154540436,2.4975600687802593,1.656759171274523,1.6212971459425356,1.2750597520167044,1.2474236123877804,0.0,0.0
