cluster,cohort_ML,customers,total_sales,avg_sales,median_sales,avg_active_months,avg_lifetime_months,avg_months_since_last_purchase,avg_activity_ratio,avg_distinct_products,avg_prd_grp_1_coverage_pct,avg_prd_grp_3_coverage_pct,avg_sf_total_events,sales_without_recent_sf_activity,sf_activity_without_recent_sales,customer_share,sales_share
4,Core,322,53216406.49,165268.34313664597,144236.605,28.055900621118013,34.97204968944099,0.37577639751552794,0.8008366357103224,8.649068322981366,0.6951345755693582,0.21508429458740017,102.31987577639751,0,0,0.16156547917711991,0.403519489286123
0,Emerging,1409,38457084.03,27293.88504613201,15334.38,9.872249822569199,26.004258339247695,4.610361958836054,0.3995614380365194,7.345635202271114,0.652235628105039,0.18598803609449455,54.48119233498935,0,327,0.7069744104365279,0.29160523851108155
3,Power,59,38218682.62,647774.2816949153,600971.9,28.71186440677966,35.20338983050848,0.3389830508474576,0.8156321080049893,8.474576271186441,0.6468926553672316,0.20193704600484258,108.59322033898304,0,0,0.02960361264425489,0.2897975325505829
2,Dormant,161,1250304.68,7765.867577639751,4135.68,4.049689440993789,10.664596273291925,23.142857142857142,0.5110593583269614,4.732919254658385,0.49585921325051757,0.1265306122448979,52.86335403726708,0,154,0.08078273958855996,0.009480578250251738
1,Occasional,42,738157.2,17575.171428571426,11656.555,8.476190476190476,29.785714285714285,2.4047619047619047,0.28840163286754433,7.5476190476190474,0.6388888888888888,0.1843537414965986,27.357142857142858,40,0,0.021073758153537382,0.005597161401960618
