customer_lead_tier,customers,avg_top_lead_score,avg_top_model_probability,avg_top_expected_revenue
Cold,797,0.4003289752355166,0.6307298898725225,1137.7911283488158
Warm,797,0.5150181127571151,0.7618873926235786,2003.0908289953036
Hot,399,0.6349419337155119,0.8107828470318615,3786.0650345713866
