lead_tier,recommendation_rows,customers,avg_lead_score,avg_model_probability
Cold,24396,1208,0.1284424614265842,0.047260181394560036
Warm,24396,1513,0.21180382078599244,0.0870382504761039
Hot,12198,736,0.32194820906317445,0.10140714331015586
