recommendation_tier,recommendation_rows,customers,avg_lead_score,avg_model_probability
Cold,24396,1639,0.2249271573499636,0.23543932715087446
Warm,24396,1926,0.37115661225675495,0.4274599099760068
Hot,12198,1397,0.5126782586564,0.6051055869788532
