customer_lead_tier,customers,avg_expected_order_value,total_expected_revenue,avg_expected_revenue
Cold,797,1773.0696980293294,906819.5292940063,1137.7911283488158
Warm,797,2609.4367212933616,1596463.390709257,2003.0908289953036
Hot,399,4604.275676312634,1510639.9487939833,3786.0650345713866
